attempt,accepted_index,status,reason,raw_path,programmed_delay_ns,measured_separation_ns,residual_ns,reference_edge_time_ns,target_edge_time_ns,sample_interval_ns,timebase,total_samples,pre_trigger_samples,threshold_adc,captured_utc
1,1,ACCEPTED,,C:\Users\Chris\Documents\GitHub\Control_System\calibration\system_recalibration_001\readbacks\T1-01\setup_3_extref_to_qswitch\raw\0ns\attempt_001.csv,0,57.38113618584748,57.38113618584748,1998.2987087753927,2055.67984496124,2.0,1,11000,1000,5000,2026-08-08T23:51:12.940981+00:00
2,2,ACCEPTED,,C:\Users\Chris\Documents\GitHub\Control_System\calibration\system_recalibration_001\readbacks\T1-01\setup_3_extref_to_qswitch\raw\0ns\attempt_002.csv,0,57.95554419634914,57.95554419634914,1998.7748992515833,2056.7304434479324,2.0,1,11000,1000,5000,2026-08-08T23:51:13.205139+00:00
3,3,ACCEPTED,,C:\Users\Chris\Documents\GitHub\Control_System\calibration\system_recalibration_001\readbacks\T1-01\setup_3_extref_to_qswitch\raw\0ns\attempt_003.csv,0,57.41045394095363,57.41045394095363,1998.5009517095523,2055.911405650506,2.0,1,11000,1000,5000,2026-08-08T23:51:13.301237+00:00
4,4,ACCEPTED,,C:\Users\Chris\Documents\GitHub\Control_System\calibration\system_recalibration_001\readbacks\T1-01\setup_3_extref_to_qswitch\raw\0ns\attempt_004.csv,0,57.99938718371709,57.99938718371709,1999.017055267703,2057.01644245142,2.0,1,11000,1000,5000,2026-08-08T23:51:13.396642+00:00
5,5,ACCEPTED,,C:\Users\Chris\Documents\GitHub\Control_System\calibration\system_recalibration_001\readbacks\T1-01\setup_3_extref_to_qswitch\raw\0ns\attempt_005.csv,0,57.38112928583655,57.38112928583655,1998.3306641544984,2055.711793440335,2.0,1,11000,1000,5000,2026-08-08T23:51:13.501343+00:00
6,6,ACCEPTED,,C:\Users\Chris\Documents\GitHub\Control_System\calibration\system_recalibration_001\readbacks\T1-01\setup_3_extref_to_qswitch\raw\0ns\attempt_006.csv,0,57.766595393249645,57.766595393249645,1998.6788455634019,2056.4454409566515,2.0,1,11000,1000,5000,2026-08-08T23:51:13.596847+00:00
7,7,ACCEPTED,,C:\Users\Chris\Documents\GitHub\Control_System\calibration\system_recalibration_001\readbacks\T1-01\setup_3_extref_to_qswitch\raw\0ns\attempt_007.csv,0,57.75553060427137,57.75553060427137,1999.4793531166588,2057.23488372093,2.0,1,11000,1000,5000,2026-08-08T23:51:13.704617+00:00
8,8,ACCEPTED,,C:\Users\Chris\Documents\GitHub\Control_System\calibration\system_recalibration_001\readbacks\T1-01\setup_3_extref_to_qswitch\raw\0ns\attempt_008.csv,0,57.516908877786136,57.516908877786136,1998.1228643450659,2055.639773222852,2.0,1,11000,1000,5000,2026-08-08T23:51:13.802798+00:00
9,9,ACCEPTED,,C:\Users\Chris\Documents\GitHub\Control_System\calibration\system_recalibration_001\readbacks\T1-01\setup_3_extref_to_qswitch\raw\0ns\attempt_009.csv,0,57.27463336389815,57.27463336389815,1998.4371600764368,2055.711793440335,2.0,1,11000,1000,5000,2026-08-08T23:51:13.901283+00:00
10,10,ACCEPTED,,C:\Users\Chris\Documents\GitHub\Control_System\calibration\system_recalibration_001\readbacks\T1-01\setup_3_extref_to_qswitch\raw\0ns\attempt_010.csv,0,57.31863439604058,57.31863439604058,1998.070811744387,2055.3894461404275,2.0,1,11000,1000,5000,2026-08-08T23:51:14.004300+00:00
11,11,ACCEPTED,,C:\Users\Chris\Documents\GitHub\Control_System\calibration\system_recalibration_001\readbacks\T1-01\setup_3_extref_to_qswitch\raw\0ns\attempt_011.csv,0,57.422557682386014,57.422557682386014,1998.2572872788542,2055.67984496124,2.0,1,11000,1000,5000,2026-08-08T23:51:14.097889+00:00
12,12,ACCEPTED,,C:\Users\Chris\Documents\GitHub\Control_System\calibration\system_recalibration_001\readbacks\T1-01\setup_3_extref_to_qswitch\raw\0ns\attempt_012.csv,0,57.37385198330162,57.37385198330162,2000.0155941571259,2057.3894461404275,2.0,1,11000,1000,5000,2026-08-08T23:51:14.206141+00:00
13,13,ACCEPTED,,C:\Users\Chris\Documents\GitHub\Control_System\calibration\system_recalibration_001\readbacks\T1-01\setup_3_extref_to_qswitch\raw\0ns\attempt_013.csv,0,57.98522724630038,57.98522724630038,1998.904049126847,2056.8892763731474,2.0,1,11000,1000,5000,2026-08-08T23:51:14.307799+00:00
14,14,ACCEPTED,,C:\Users\Chris\Documents\GitHub\Control_System\calibration\system_recalibration_001\readbacks\T1-01\setup_3_extref_to_qswitch\raw\0ns\attempt_014.csv,0,57.54960437000432,57.54960437000432,1998.6364421416235,2056.186046511628,2.0,1,11000,1000,5000,2026-08-08T23:51:14.408276+00:00
15,15,ACCEPTED,,C:\Users\Chris\Documents\GitHub\Control_System\calibration\system_recalibration_001\readbacks\T1-01\setup_3_extref_to_qswitch\raw\0ns\attempt_015.csv,0,57.58134788673328,57.58134788673328,1999.8080982536942,2057.3894461404275,2.0,1,11000,1000,5000,2026-08-08T23:51:14.509946+00:00
16,16,ACCEPTED,,C:\Users\Chris\Documents\GitHub\Control_System\calibration\system_recalibration_001\readbacks\T1-01\setup_3_extref_to_qswitch\raw\0ns\attempt_016.csv,0,57.34855197172669,57.34855197172669,1998.5709153713299,2055.9194673430566,2.0,1,11000,1000,5000,2026-08-08T23:51:14.606008+00:00
17,17,ACCEPTED,,C:\Users\Chris\Documents\GitHub\Control_System\calibration\system_recalibration_001\readbacks\T1-01\setup_3_extref_to_qswitch\raw\0ns\attempt_017.csv,0,58.13678602344885,58.13678602344885,1998.8796564279712,2057.01644245142,2.0,1,11000,1000,5000,2026-08-08T23:51:14.701922+00:00
18,18,ACCEPTED,,C:\Users\Chris\Documents\GitHub\Control_System\calibration\system_recalibration_001\readbacks\T1-01\setup_3_extref_to_qswitch\raw\0ns\attempt_018.csv,0,57.44137838703318,57.44137838703318,1998.460172000564,2055.901550387597,2.0,1,11000,1000,5000,2026-08-08T23:51:14.810971+00:00
19,19,ACCEPTED,,C:\Users\Chris\Documents\GitHub\Control_System\calibration\system_recalibration_001\readbacks\T1-01\setup_3_extref_to_qswitch\raw\0ns\attempt_019.csv,0,57.41045394095363,57.41045394095363,1998.5009517095523,2055.911405650506,2.0,1,11000,1000,5000,2026-08-08T23:51:14.902642+00:00
20,20,ACCEPTED,,C:\Users\Chris\Documents\GitHub\Control_System\calibration\system_recalibration_001\readbacks\T1-01\setup_3_extref_to_qswitch\raw\0ns\attempt_020.csv,0,57.38042119454735,57.38042119454735,1998.5309844559586,2055.911405650506,2.0,1,11000,1000,5000,2026-08-08T23:51:14.997032+00:00
21,21,ACCEPTED,,C:\Users\Chris\Documents\GitHub\Control_System\calibration\system_recalibration_001\readbacks\T1-01\setup_3_extref_to_qswitch\raw\0ns\attempt_021.csv,0,57.82697681911009,57.82697681911009,1998.692488607967,2056.519465427077,2.0,1,11000,1000,5000,2026-08-08T23:51:15.112432+00:00
22,22,ACCEPTED,,C:\Users\Chris\Documents\GitHub\Control_System\calibration\system_recalibration_001\readbacks\T1-01\setup_3_extref_to_qswitch\raw\0ns\attempt_022.csv,0,57.56261495939316,57.56261495939316,1998.6234315522347,2056.186046511628,2.0,1,11000,1000,5000,2026-08-08T23:51:15.197497+00:00
23,23,ACCEPTED,,C:\Users\Chris\Documents\GitHub\Control_System\calibration\system_recalibration_001\readbacks\T1-01\setup_3_extref_to_qswitch\raw\0ns\attempt_023.csv,0,57.78132741756622,57.78132741756622,1998.6641135390853,2056.4454409566515,2.0,1,11000,1000,5000,2026-08-08T23:51:15.304044+00:00
24,24,ACCEPTED,,C:\Users\Chris\Documents\GitHub\Control_System\calibration\system_recalibration_001\readbacks\T1-01\setup_3_extref_to_qswitch\raw\0ns\attempt_024.csv,0,57.28375659519975,57.28375659519975,1998.4280368451352,2055.711793440335,2.0,1,11000,1000,5000,2026-08-08T23:51:15.402141+00:00
25,25,ACCEPTED,,C:\Users\Chris\Documents\GitHub\Control_System\calibration\system_recalibration_001\readbacks\T1-01\setup_3_extref_to_qswitch\raw\0ns\attempt_025.csv,0,57.521792811839305,57.521792811839305,1999.7130909090909,2057.23488372093,2.0,1,11000,1000,5000,2026-08-08T23:51:15.506993+00:00
26,26,ACCEPTED,,C:\Users\Chris\Documents\GitHub\Control_System\calibration\system_recalibration_001\readbacks\T1-01\setup_3_extref_to_qswitch\raw\0ns\attempt_026.csv,0,57.44163017554911,57.44163017554911,1998.4697754749568,2055.911405650506,2.0,1,11000,1000,5000,2026-08-08T23:51:15.603222+00:00
27,27,ACCEPTED,,C:\Users\Chris\Documents\GitHub\Control_System\calibration\system_recalibration_001\readbacks\T1-01\setup_3_extref_to_qswitch\raw\0ns\attempt_027.csv,0,57.85078701996122,57.85078701996122,1998.8796564279712,2056.7304434479324,2.0,1,11000,1000,5000,2026-08-08T23:51:15.707498+00:00
28,28,ACCEPTED,,C:\Users\Chris\Documents\GitHub\Control_System\calibration\system_recalibration_001\readbacks\T1-01\setup_3_extref_to_qswitch\raw\0ns\attempt_028.csv,0,57.38655259669849,57.38655259669849,1998.070811744387,2055.4573643410854,2.0,1,11000,1000,5000,2026-08-08T23:51:15.807766+00:00
29,29,ACCEPTED,,C:\Users\Chris\Documents\GitHub\Control_System\calibration\system_recalibration_001\readbacks\T1-01\setup_3_extref_to_qswitch\raw\0ns\attempt_029.csv,0,57.43177491264032,57.43177491264032,1998.4697754749568,2055.901550387597,2.0,1,11000,1000,5000,2026-08-08T23:51:15.897851+00:00
30,30,ACCEPTED,,C:\Users\Chris\Documents\GitHub\Control_System\calibration\system_recalibration_001\readbacks\T1-01\setup_3_extref_to_qswitch\raw\0ns\attempt_030.csv,0,57.61513114029799,57.61513114029799,1998.5709153713299,2056.186046511628,2.0,1,11000,1000,5000,2026-08-08T23:51:16.021317+00:00
31,31,ACCEPTED,,C:\Users\Chris\Documents\GitHub\Control_System\calibration\system_recalibration_001\readbacks\T1-01\setup_3_extref_to_qswitch\raw\0ns\attempt_031.csv,0,57.61764017676455,57.61764017676455,1998.5418017763993,2056.159441953164,2.0,1,11000,1000,5000,2026-08-08T23:51:16.105633+00:00
32,32,ACCEPTED,,C:\Users\Chris\Documents\GitHub\Control_System\calibration\system_recalibration_001\readbacks\T1-01\setup_3_extref_to_qswitch\raw\0ns\attempt_032.csv,0,57.27463336389815,57.27463336389815,1998.4371600764368,2055.711793440335,2.0,1,11000,1000,5000,2026-08-08T23:51:16.202348+00:00
33,33,ACCEPTED,,C:\Users\Chris\Documents\GitHub\Control_System\calibration\system_recalibration_001\readbacks\T1-01\setup_3_extref_to_qswitch\raw\0ns\attempt_033.csv,0,57.422557682386014,57.422557682386014,1998.2572872788542,2055.67984496124,2.0,1,11000,1000,5000,2026-08-08T23:51:16.307927+00:00
34,34,ACCEPTED,,C:\Users\Chris\Documents\GitHub\Control_System\calibration\system_recalibration_001\readbacks\T1-01\setup_3_extref_to_qswitch\raw\0ns\attempt_034.csv,0,57.8877340035624,57.8877340035624,1999.2517603294805,2057.139494333043,2.0,1,11000,1000,5000,2026-08-08T23:51:16.405112+00:00
35,35,ACCEPTED,,C:\Users\Chris\Documents\GitHub\Control_System\calibration\system_recalibration_001\readbacks\T1-01\setup_3_extref_to_qswitch\raw\0ns\attempt_035.csv,0,57.38042119454735,57.38042119454735,1998.5309844559586,2055.911405650506,2.0,1,11000,1000,5000,2026-08-08T23:51:16.501248+00:00
36,36,ACCEPTED,,C:\Users\Chris\Documents\GitHub\Control_System\calibration\system_recalibration_001\readbacks\T1-01\setup_3_extref_to_qswitch\raw\0ns\attempt_036.csv,0,57.89410772837073,57.89410772837073,1999.1223347230493,2057.01644245142,2.0,1,11000,1000,5000,2026-08-08T23:51:16.615390+00:00
37,37,ACCEPTED,,C:\Users\Chris\Documents\GitHub\Control_System\calibration\system_recalibration_001\readbacks\T1-01\setup_3_extref_to_qswitch\raw\0ns\attempt_037.csv,0,57.47351354246189,57.47351354246189,1998.4280368451352,2055.901550387597,2.0,1,11000,1000,5000,2026-08-08T23:51:16.710550+00:00
38,38,ACCEPTED,,C:\Users\Chris\Documents\GitHub\Control_System\calibration\system_recalibration_001\readbacks\T1-01\setup_3_extref_to_qswitch\raw\0ns\attempt_038.csv,0,57.79548137702341,57.79548137702341,1998.649959579628,2056.4454409566515,2.0,1,11000,1000,5000,2026-08-08T23:51:16.812571+00:00
39,39,ACCEPTED,,C:\Users\Chris\Documents\GitHub\Control_System\calibration\system_recalibration_001\readbacks\T1-01\setup_3_extref_to_qswitch\raw\0ns\attempt_039.csv,0,58.03015542116782,58.03015542116782,1998.9862870302522,2057.01644245142,2.0,1,11000,1000,5000,2026-08-08T23:51:16.902504+00:00
40,40,ACCEPTED,,C:\Users\Chris\Documents\GitHub\Control_System\calibration\system_recalibration_001\readbacks\T1-01\setup_3_extref_to_qswitch\raw\0ns\attempt_040.csv,0,58.05463538082631,58.05463538082631,1999.0848589522166,2057.139494333043,2.0,1,11000,1000,5000,2026-08-08T23:51:17.007662+00:00
41,41,ACCEPTED,,C:\Users\Chris\Documents\GitHub\Control_System\calibration\system_recalibration_001\readbacks\T1-01\setup_3_extref_to_qswitch\raw\0ns\attempt_041.csv,0,57.7834206427724,57.7834206427724,1999.3560736902705,2057.139494333043,2.0,1,11000,1000,5000,2026-08-08T23:51:17.104272+00:00
42,42,ACCEPTED,,C:\Users\Chris\Documents\GitHub\Control_System\calibration\system_recalibration_001\readbacks\T1-01\setup_3_extref_to_qswitch\raw\0ns\attempt_042.csv,0,57.872221105444396,57.872221105444396,1999.017055267703,2056.8892763731474,2.0,1,11000,1000,5000,2026-08-08T23:51:17.209881+00:00
43,43,ACCEPTED,,C:\Users\Chris\Documents\GitHub\Control_System\calibration\system_recalibration_001\readbacks\T1-01\setup_3_extref_to_qswitch\raw\0ns\attempt_043.csv,0,58.00717638721244,58.00717638721244,1998.72326706072,2056.7304434479324,2.0,1,11000,1000,5000,2026-08-08T23:51:17.306979+00:00
44,44,ACCEPTED,,C:\Users\Chris\Documents\GitHub\Control_System\calibration\system_recalibration_001\readbacks\T1-01\setup_3_extref_to_qswitch\raw\0ns\attempt_044.csv,0,57.67635523133663,57.67635523133663,1999.7130909090909,2057.3894461404275,2.0,1,11000,1000,5000,2026-08-08T23:51:17.398270+00:00
45,45,ACCEPTED,,C:\Users\Chris\Documents\GitHub\Control_System\calibration\system_recalibration_001\readbacks\T1-01\setup_3_extref_to_qswitch\raw\0ns\attempt_045.csv,0,58.02002494042176,58.02002494042176,1998.7104185075107,2056.7304434479324,2.0,1,11000,1000,5000,2026-08-08T23:51:17.503962+00:00
46,46,ACCEPTED,,C:\Users\Chris\Documents\GitHub\Control_System\calibration\system_recalibration_001\readbacks\T1-01\setup_3_extref_to_qswitch\raw\0ns\attempt_046.csv,0,57.946367764637216,57.946367764637216,1999.3560736902705,2057.3024414549077,2.0,1,11000,1000,5000,2026-08-08T23:51:17.614375+00:00
47,47,ACCEPTED,,C:\Users\Chris\Documents\GitHub\Control_System\calibration\system_recalibration_001\readbacks\T1-01\setup_3_extref_to_qswitch\raw\0ns\attempt_047.csv,0,57.60345927158551,57.60345927158551,1998.5825872400424,2056.186046511628,2.0,1,11000,1000,5000,2026-08-08T23:51:17.718839+00:00
48,48,ACCEPTED,,C:\Users\Chris\Documents\GitHub\Control_System\calibration\system_recalibration_001\readbacks\T1-01\setup_3_extref_to_qswitch\raw\0ns\attempt_048.csv,0,57.873975854077344,57.873975854077344,1998.856467593855,2056.7304434479324,2.0,1,11000,1000,5000,2026-08-08T23:51:17.821347+00:00
49,49,ACCEPTED,,C:\Users\Chris\Documents\GitHub\Control_System\calibration\system_recalibration_001\readbacks\T1-01\setup_3_extref_to_qswitch\raw\0ns\attempt_049.csv,0,58.01715960999354,58.01715960999354,1999.1223347230493,2057.139494333043,2.0,1,11000,1000,5000,2026-08-08T23:51:17.916626+00:00
50,50,ACCEPTED,,C:\Users\Chris\Documents\GitHub\Control_System\calibration\system_recalibration_001\readbacks\T1-01\setup_3_extref_to_qswitch\raw\0ns\attempt_050.csv,0,57.97714545566805,57.97714545566805,1999.1623488773748,2057.139494333043,2.0,1,11000,1000,5000,2026-08-08T23:51:17.998990+00:00
51,51,ACCEPTED,,C:\Users\Chris\Documents\GitHub\Control_System\calibration\system_recalibration_001\readbacks\T1-01\setup_3_extref_to_qswitch\raw\0ns\attempt_051.csv,0,57.97714545566805,57.97714545566805,1999.1623488773748,2057.139494333043,2.0,1,11000,1000,5000,2026-08-08T23:51:18.110162+00:00
52,52,ACCEPTED,,C:\Users\Chris\Documents\GitHub\Control_System\calibration\system_recalibration_001\readbacks\T1-01\setup_3_extref_to_qswitch\raw\0ns\attempt_052.csv,0,57.936610774581595,57.936610774581595,1998.7938326733508,2056.7304434479324,2.0,1,11000,1000,5000,2026-08-08T23:51:18.207489+00:00
53,53,ACCEPTED,,C:\Users\Chris\Documents\GitHub\Control_System\calibration\system_recalibration_001\readbacks\T1-01\setup_3_extref_to_qswitch\raw\0ns\attempt_053.csv,0,57.38042119454735,57.38042119454735,1998.5309844559586,2055.911405650506,2.0,1,11000,1000,5000,2026-08-08T23:51:18.300442+00:00
54,54,ACCEPTED,,C:\Users\Chris\Documents\GitHub\Control_System\calibration\system_recalibration_001\readbacks\T1-01\setup_3_extref_to_qswitch\raw\0ns\attempt_054.csv,0,57.8877340035624,57.8877340035624,1999.2517603294805,2057.139494333043,2.0,1,11000,1000,5000,2026-08-08T23:51:18.404431+00:00
55,55,ACCEPTED,,C:\Users\Chris\Documents\GitHub\Control_System\calibration\system_recalibration_001\readbacks\T1-01\setup_3_extref_to_qswitch\raw\0ns\attempt_055.csv,0,57.359727435172545,57.359727435172545,1998.559739907884,2055.9194673430566,2.0,1,11000,1000,5000,2026-08-08T23:51:18.504360+00:00
56,56,ACCEPTED,,C:\Users\Chris\Documents\GitHub\Control_System\calibration\system_recalibration_001\readbacks\T1-01\setup_3_extref_to_qswitch\raw\0ns\attempt_056.csv,0,58.03015542116782,58.03015542116782,1998.9862870302522,2057.01644245142,2.0,1,11000,1000,5000,2026-08-08T23:51:18.610041+00:00
57,57,ACCEPTED,,C:\Users\Chris\Documents\GitHub\Control_System\calibration\system_recalibration_001\readbacks\T1-01\setup_3_extref_to_qswitch\raw\0ns\attempt_057.csv,0,57.7834206427724,57.7834206427724,1999.3560736902705,2057.139494333043,2.0,1,11000,1000,5000,2026-08-08T23:51:18.704722+00:00
58,58,ACCEPTED,,C:\Users\Chris\Documents\GitHub\Control_System\calibration\system_recalibration_001\readbacks\T1-01\setup_3_extref_to_qswitch\raw\0ns\attempt_058.csv,0,57.62630660374384,57.62630660374384,1998.559739907884,2056.186046511628,2.0,1,11000,1000,5000,2026-08-08T23:51:18.812605+00:00
59,59,ACCEPTED,,C:\Users\Chris\Documents\GitHub\Control_System\calibration\system_recalibration_001\readbacks\T1-01\setup_3_extref_to_qswitch\raw\0ns\attempt_059.csv,0,57.810966504644284,57.810966504644284,1999.2054759467758,2057.01644245142,2.0,1,11000,1000,5000,2026-08-08T23:51:18.911112+00:00
60,60,ACCEPTED,,C:\Users\Chris\Documents\GitHub\Control_System\calibration\system_recalibration_001\readbacks\T1-01\setup_3_extref_to_qswitch\raw\0ns\attempt_060.csv,0,57.41045394095363,57.41045394095363,1998.5009517095523,2055.911405650506,2.0,1,11000,1000,5000,2026-08-08T23:51:19.008484+00:00
61,61,ACCEPTED,,C:\Users\Chris\Documents\GitHub\Control_System\calibration\system_recalibration_001\readbacks\T1-01\setup_3_extref_to_qswitch\raw\0ns\attempt_061.csv,0,58.036142929797734,58.036142929797734,1998.6943005181347,2056.7304434479324,2.0,1,11000,1000,5000,2026-08-08T23:51:19.106456+00:00
62,62,ACCEPTED,,C:\Users\Chris\Documents\GitHub\Control_System\calibration\system_recalibration_001\readbacks\T1-01\setup_3_extref_to_qswitch\raw\0ns\attempt_062.csv,0,57.98522724630038,57.98522724630038,1998.904049126847,2056.8892763731474,2.0,1,11000,1000,5000,2026-08-08T23:51:19.213423+00:00
63,63,ACCEPTED,,C:\Users\Chris\Documents\GitHub\Control_System\calibration\system_recalibration_001\readbacks\T1-01\setup_3_extref_to_qswitch\raw\0ns\attempt_063.csv,0,57.932047885897646,57.932047885897646,1998.9572284872497,2056.8892763731474,2.0,1,11000,1000,5000,2026-08-08T23:51:19.308070+00:00
64,64,ACCEPTED,,C:\Users\Chris\Documents\GitHub\Control_System\calibration\system_recalibration_001\readbacks\T1-01\setup_3_extref_to_qswitch\raw\0ns\attempt_064.csv,0,57.99076688960304,57.99076688960304,1998.7396765583294,2056.7304434479324,2.0,1,11000,1000,5000,2026-08-08T23:51:19.404513+00:00
65,65,ACCEPTED,,C:\Users\Chris\Documents\GitHub\Control_System\calibration\system_recalibration_001\readbacks\T1-01\setup_3_extref_to_qswitch\raw\0ns\attempt_065.csv,0,57.80899881502796,57.80899881502796,1998.6364421416235,2056.4454409566515,2.0,1,11000,1000,5000,2026-08-08T23:51:19.510603+00:00
66,66,ACCEPTED,,C:\Users\Chris\Documents\GitHub\Control_System\calibration\system_recalibration_001\readbacks\T1-01\setup_3_extref_to_qswitch\raw\0ns\attempt_066.csv,0,57.43177491264032,57.43177491264032,1998.4697754749568,2055.901550387597,2.0,1,11000,1000,5000,2026-08-08T23:51:19.604489+00:00
67,67,ACCEPTED,,C:\Users\Chris\Documents\GitHub\Control_System\calibration\system_recalibration_001\readbacks\T1-01\setup_3_extref_to_qswitch\raw\0ns\attempt_067.csv,0,57.8877340035624,57.8877340035624,1999.2517603294805,2057.139494333043,2.0,1,11000,1000,5000,2026-08-08T23:51:19.715492+00:00
68,68,ACCEPTED,,C:\Users\Chris\Documents\GitHub\Control_System\calibration\system_recalibration_001\readbacks\T1-01\setup_3_extref_to_qswitch\raw\0ns\attempt_068.csv,0,57.38042119454735,57.38042119454735,1998.5309844559586,2055.911405650506,2.0,1,11000,1000,5000,2026-08-08T23:51:19.814454+00:00
69,69,ACCEPTED,,C:\Users\Chris\Documents\GitHub\Control_System\calibration\system_recalibration_001\readbacks\T1-01\setup_3_extref_to_qswitch\raw\0ns\attempt_069.csv,0,57.902989342895125,57.902989342895125,1998.9862870302522,2056.8892763731474,2.0,1,11000,1000,5000,2026-08-08T23:51:19.914636+00:00
70,70,ACCEPTED,,C:\Users\Chris\Documents\GitHub\Control_System\calibration\system_recalibration_001\readbacks\T1-01\setup_3_extref_to_qswitch\raw\0ns\attempt_070.csv,0,57.28501637271893,57.28501637271893,1998.1723479683665,2055.4573643410854,2.0,1,11000,1000,5000,2026-08-08T23:51:20.013391+00:00
71,71,ACCEPTED,,C:\Users\Chris\Documents\GitHub\Control_System\calibration\system_recalibration_001\readbacks\T1-01\setup_3_extref_to_qswitch\raw\0ns\attempt_071.csv,0,57.43177491264032,57.43177491264032,1998.4697754749568,2055.901550387597,2.0,1,11000,1000,5000,2026-08-08T23:51:20.110438+00:00
72,72,ACCEPTED,,C:\Users\Chris\Documents\GitHub\Control_System\calibration\system_recalibration_001\readbacks\T1-01\setup_3_extref_to_qswitch\raw\0ns\attempt_072.csv,0,57.62845749720532,57.62845749720532,1998.5309844559586,2056.159441953164,2.0,1,11000,1000,5000,2026-08-08T23:51:20.208228+00:00
73,73,ACCEPTED,,C:\Users\Chris\Documents\GitHub\Control_System\calibration\system_recalibration_001\readbacks\T1-01\setup_3_extref_to_qswitch\raw\0ns\attempt_073.csv,0,57.30854946646696,57.30854946646696,1998.403243973868,2055.711793440335,2.0,1,11000,1000,5000,2026-08-08T23:51:20.317274+00:00
74,74,ACCEPTED,,C:\Users\Chris\Documents\GitHub\Control_System\calibration\system_recalibration_001\readbacks\T1-01\setup_3_extref_to_qswitch\raw\0ns\attempt_074.csv,0,57.46742525448553,57.46742525448553,1998.1723479683665,2055.639773222852,2.0,1,11000,1000,5000,2026-08-08T23:51:20.415950+00:00
75,75,ACCEPTED,,C:\Users\Chris\Documents\GitHub\Control_System\calibration\system_recalibration_001\readbacks\T1-01\setup_3_extref_to_qswitch\raw\0ns\attempt_075.csv,0,57.83757364767598,57.83757364767598,1999.301920685367,2057.139494333043,2.0,1,11000,1000,5000,2026-08-08T23:51:20.512659+00:00
76,76,ACCEPTED,,C:\Users\Chris\Documents\GitHub\Control_System\calibration\system_recalibration_001\readbacks\T1-01\setup_3_extref_to_qswitch\raw\0ns\attempt_076.csv,0,57.57506205566938,57.57506205566938,1998.6109844559585,2056.186046511628,2.0,1,11000,1000,5000,2026-08-08T23:51:20.608175+00:00
77,77,ACCEPTED,,C:\Users\Chris\Documents\GitHub\Control_System\calibration\system_recalibration_001\readbacks\T1-01\setup_3_extref_to_qswitch\raw\0ns\attempt_077.csv,0,58.03015542116782,58.03015542116782,1998.9862870302522,2057.01644245142,2.0,1,11000,1000,5000,2026-08-08T23:51:20.715464+00:00
78,78,ACCEPTED,,C:\Users\Chris\Documents\GitHub\Control_System\calibration\system_recalibration_001\readbacks\T1-01\setup_3_extref_to_qswitch\raw\0ns\attempt_078.csv,0,57.27463336389815,57.27463336389815,1998.4371600764368,2055.711793440335,2.0,1,11000,1000,5000,2026-08-08T23:51:20.820896+00:00
79,79,ACCEPTED,,C:\Users\Chris\Documents\GitHub\Control_System\calibration\system_recalibration_001\readbacks\T1-01\setup_3_extref_to_qswitch\raw\0ns\attempt_079.csv,0,57.655062055669305,57.655062055669305,1998.5309844559586,2056.186046511628,2.0,1,11000,1000,5000,2026-08-08T23:51:20.907894+00:00
80,80,ACCEPTED,,C:\Users\Chris\Documents\GitHub\Control_System\calibration\system_recalibration_001\readbacks\T1-01\setup_3_extref_to_qswitch\raw\0ns\attempt_080.csv,0,57.8958996038225,57.8958996038225,1998.83454384411,2056.7304434479324,2.0,1,11000,1000,5000,2026-08-08T23:51:21.006622+00:00
81,81,ACCEPTED,,C:\Users\Chris\Documents\GitHub\Control_System\calibration\system_recalibration_001\readbacks\T1-01\setup_3_extref_to_qswitch\raw\0ns\attempt_081.csv,0,57.79548137702341,57.79548137702341,1998.649959579628,2056.4454409566515,2.0,1,11000,1000,5000,2026-08-08T23:51:21.113750+00:00
82,82,ACCEPTED,,C:\Users\Chris\Documents\GitHub\Control_System\calibration\system_recalibration_001\readbacks\T1-01\setup_3_extref_to_qswitch\raw\0ns\attempt_082.csv,0,57.822009404416804,57.822009404416804,1998.6234315522347,2056.4454409566515,2.0,1,11000,1000,5000,2026-08-08T23:51:21.211056+00:00
83,83,ACCEPTED,,C:\Users\Chris\Documents\GitHub\Control_System\calibration\system_recalibration_001\readbacks\T1-01\setup_3_extref_to_qswitch\raw\0ns\attempt_083.csv,0,57.43177491264032,57.43177491264032,1998.4697754749568,2055.901550387597,2.0,1,11000,1000,5000,2026-08-08T23:51:21.313677+00:00
84,84,ACCEPTED,,C:\Users\Chris\Documents\GitHub\Control_System\calibration\system_recalibration_001\readbacks\T1-01\setup_3_extref_to_qswitch\raw\0ns\attempt_084.csv,0,57.76215771210286,57.76215771210286,1999.6272884283246,2057.3894461404275,2.0,1,11000,1000,5000,2026-08-08T23:51:21.415484+00:00
85,85,ACCEPTED,,C:\Users\Chris\Documents\GitHub\Control_System\calibration\system_recalibration_001\readbacks\T1-01\setup_3_extref_to_qswitch\raw\0ns\attempt_085.csv,0,57.38042119454735,57.38042119454735,1998.5309844559586,2055.911405650506,2.0,1,11000,1000,5000,2026-08-08T23:51:21.505533+00:00
86,86,ACCEPTED,,C:\Users\Chris\Documents\GitHub\Control_System\calibration\system_recalibration_001\readbacks\T1-01\setup_3_extref_to_qswitch\raw\0ns\attempt_086.csv,0,57.422557682386014,57.422557682386014,1998.2572872788542,2055.67984496124,2.0,1,11000,1000,5000,2026-08-08T23:51:21.608692+00:00
87,87,ACCEPTED,,C:\Users\Chris\Documents\GitHub\Control_System\calibration\system_recalibration_001\readbacks\T1-01\setup_3_extref_to_qswitch\raw\0ns\attempt_087.csv,0,57.56261495939316,57.56261495939316,1998.6234315522347,2056.186046511628,2.0,1,11000,1000,5000,2026-08-08T23:51:21.706929+00:00
88,88,ACCEPTED,,C:\Users\Chris\Documents\GitHub\Control_System\calibration\system_recalibration_001\readbacks\T1-01\setup_3_extref_to_qswitch\raw\0ns\attempt_088.csv,0,57.91679923377001,57.91679923377001,1998.8136442141624,2056.7304434479324,2.0,1,11000,1000,5000,2026-08-08T23:51:21.811735+00:00
89,89,ACCEPTED,,C:\Users\Chris\Documents\GitHub\Control_System\calibration\system_recalibration_001\readbacks\T1-01\setup_3_extref_to_qswitch\raw\0ns\attempt_089.csv,0,57.75553060427137,57.75553060427137,1999.4793531166588,2057.23488372093,2.0,1,11000,1000,5000,2026-08-08T23:51:21.913211+00:00
90,90,ACCEPTED,,C:\Users\Chris\Documents\GitHub\Control_System\calibration\system_recalibration_001\readbacks\T1-01\setup_3_extref_to_qswitch\raw\0ns\attempt_090.csv,0,57.60759529260554,57.60759529260554,1999.6272884283246,2057.23488372093,2.0,1,11000,1000,5000,2026-08-08T23:51:22.009276+00:00
91,91,ACCEPTED,,C:\Users\Chris\Documents\GitHub\Control_System\calibration\system_recalibration_001\readbacks\T1-01\setup_3_extref_to_qswitch\raw\0ns\attempt_091.csv,0,57.83757364767598,57.83757364767598,1999.301920685367,2057.139494333043,2.0,1,11000,1000,5000,2026-08-08T23:51:22.114189+00:00
92,92,ACCEPTED,,C:\Users\Chris\Documents\GitHub\Control_System\calibration\system_recalibration_001\readbacks\T1-01\setup_3_extref_to_qswitch\raw\0ns\attempt_092.csv,0,58.08651746128976,58.08651746128976,1998.9299249901303,2057.01644245142,2.0,1,11000,1000,5000,2026-08-08T23:51:22.210061+00:00
93,93,ACCEPTED,,C:\Users\Chris\Documents\GitHub\Control_System\calibration\system_recalibration_001\readbacks\T1-01\setup_3_extref_to_qswitch\raw\0ns\attempt_093.csv,0,57.822009404416804,57.822009404416804,1998.6234315522347,2056.4454409566515,2.0,1,11000,1000,5000,2026-08-08T23:51:22.308714+00:00
94,94,ACCEPTED,,C:\Users\Chris\Documents\GitHub\Control_System\calibration\system_recalibration_001\readbacks\T1-01\setup_3_extref_to_qswitch\raw\0ns\attempt_094.csv,0,57.34918080674174,57.34918080674174,1998.3306641544984,2055.67984496124,2.0,1,11000,1000,5000,2026-08-08T23:51:22.412826+00:00
95,95,ACCEPTED,,C:\Users\Chris\Documents\GitHub\Control_System\calibration\system_recalibration_001\readbacks\T1-01\setup_3_extref_to_qswitch\raw\0ns\attempt_095.csv,0,57.8958996038225,57.8958996038225,1998.83454384411,2056.7304434479324,2.0,1,11000,1000,5000,2026-08-08T23:51:22.509860+00:00
96,96,ACCEPTED,,C:\Users\Chris\Documents\GitHub\Control_System\calibration\system_recalibration_001\readbacks\T1-01\setup_3_extref_to_qswitch\raw\0ns\attempt_096.csv,0,57.30854946646696,57.30854946646696,1998.403243973868,2055.711793440335,2.0,1,11000,1000,5000,2026-08-08T23:51:22.615243+00:00
97,97,ACCEPTED,,C:\Users\Chris\Documents\GitHub\Control_System\calibration\system_recalibration_001\readbacks\T1-01\setup_3_extref_to_qswitch\raw\0ns\attempt_097.csv,0,57.7961983663572,57.7961983663572,1998.72326706072,2056.519465427077,2.0,1,11000,1000,5000,2026-08-08T23:51:22.714364+00:00
98,98,ACCEPTED,,C:\Users\Chris\Documents\GitHub\Control_System\calibration\system_recalibration_001\readbacks\T1-01\setup_3_extref_to_qswitch\raw\0ns\attempt_098.csv,0,57.79548137702341,57.79548137702341,1998.649959579628,2056.4454409566515,2.0,1,11000,1000,5000,2026-08-08T23:51:22.810601+00:00
99,99,ACCEPTED,,C:\Users\Chris\Documents\GitHub\Control_System\calibration\system_recalibration_001\readbacks\T1-01\setup_3_extref_to_qswitch\raw\0ns\attempt_099.csv,0,57.99076688960304,57.99076688960304,1998.7396765583294,2056.7304434479324,2.0,1,11000,1000,5000,2026-08-08T23:51:22.933786+00:00
100,100,ACCEPTED,,C:\Users\Chris\Documents\GitHub\Control_System\calibration\system_recalibration_001\readbacks\T1-01\setup_3_extref_to_qswitch\raw\0ns\attempt_100.csv,0,58.05463538082631,58.05463538082631,1999.0848589522166,2057.139494333043,2.0,1,11000,1000,5000,2026-08-08T23:51:23.027496+00:00
