attempt,accepted_index,status,reason,raw_path,measured_separation_ns,sample_interval_ns,threshold_adc,captured_utc
1,1,ACCEPTED,,C:\Users\Chris\Documents\GitHub\Control_System\calibration\system_recalibration_001\readbacks\MS-02\reconnection_swapped\raw\attempt_001.csv,0.2294266504791267,2.0,5000,2026-07-29T23:48:34.861758+00:00
2,2,ACCEPTED,,C:\Users\Chris\Documents\GitHub\Control_System\calibration\system_recalibration_001\readbacks\MS-02\reconnection_swapped\raw\attempt_002.csv,0.06740001308958199,2.0,5000,2026-07-29T23:48:35.219507+00:00
3,3,ACCEPTED,,C:\Users\Chris\Documents\GitHub\Control_System\calibration\system_recalibration_001\readbacks\MS-02\reconnection_swapped\raw\attempt_003.csv,0.13291781977954997,2.0,5000,2026-07-29T23:48:35.389617+00:00
4,4,ACCEPTED,,C:\Users\Chris\Documents\GitHub\Control_System\calibration\system_recalibration_001\readbacks\MS-02\reconnection_swapped\raw\attempt_004.csv,0.08985414782068801,2.0,5000,2026-07-29T23:48:35.557858+00:00
5,5,ACCEPTED,,C:\Users\Chris\Documents\GitHub\Control_System\calibration\system_recalibration_001\readbacks\MS-02\reconnection_swapped\raw\attempt_005.csv,0.06740001308958199,2.0,5000,2026-07-29T23:48:35.726801+00:00
6,6,ACCEPTED,,C:\Users\Chris\Documents\GitHub\Control_System\calibration\system_recalibration_001\readbacks\MS-02\reconnection_swapped\raw\attempt_006.csv,0.012786595035549908,2.0,5000,2026-07-29T23:48:35.893672+00:00
7,7,ACCEPTED,,C:\Users\Chris\Documents\GitHub\Control_System\calibration\system_recalibration_001\readbacks\MS-02\reconnection_swapped\raw\attempt_007.csv,0.11838935806486006,2.0,5000,2026-07-29T23:48:36.082906+00:00
8,8,ACCEPTED,,C:\Users\Chris\Documents\GitHub\Control_System\calibration\system_recalibration_001\readbacks\MS-02\reconnection_swapped\raw\attempt_008.csv,0.13344393050033432,2.0,5000,2026-07-29T23:48:36.266512+00:00
9,9,ACCEPTED,,C:\Users\Chris\Documents\GitHub\Control_System\calibration\system_recalibration_001\readbacks\MS-02\reconnection_swapped\raw\attempt_009.csv,-0.01407322862064575,2.0,5000,2026-07-29T23:48:36.446315+00:00
10,10,ACCEPTED,,C:\Users\Chris\Documents\GitHub\Control_System\calibration\system_recalibration_001\readbacks\MS-02\reconnection_swapped\raw\attempt_010.csv,0.08353554840232391,2.0,5000,2026-07-29T23:48:36.627752+00:00
11,11,ACCEPTED,,C:\Users\Chris\Documents\GitHub\Control_System\calibration\system_recalibration_001\readbacks\MS-02\reconnection_swapped\raw\attempt_011.csv,0.12786396734759364,2.0,5000,2026-07-29T23:48:36.813607+00:00
12,12,ACCEPTED,,C:\Users\Chris\Documents\GitHub\Control_System\calibration\system_recalibration_001\readbacks\MS-02\reconnection_swapped\raw\attempt_012.csv,0.09677494952006782,2.0,5000,2026-07-29T23:48:37.000979+00:00
13,13,ACCEPTED,,C:\Users\Chris\Documents\GitHub\Control_System\calibration\system_recalibration_001\readbacks\MS-02\reconnection_swapped\raw\attempt_013.csv,0.22125459767971734,2.0,5000,2026-07-29T23:48:37.182372+00:00
14,14,ACCEPTED,,C:\Users\Chris\Documents\GitHub\Control_System\calibration\system_recalibration_001\readbacks\MS-02\reconnection_swapped\raw\attempt_014.csv,0.04216006309638942,2.0,5000,2026-07-29T23:48:37.358450+00:00
15,15,ACCEPTED,,C:\Users\Chris\Documents\GitHub\Control_System\calibration\system_recalibration_001\readbacks\MS-02\reconnection_swapped\raw\attempt_015.csv,0.070960965575523,2.0,5000,2026-07-29T23:48:37.545112+00:00
16,16,ACCEPTED,,C:\Users\Chris\Documents\GitHub\Control_System\calibration\system_recalibration_001\readbacks\MS-02\reconnection_swapped\raw\attempt_016.csv,0.10999775212189888,2.0,5000,2026-07-29T23:48:37.751672+00:00
17,17,ACCEPTED,,C:\Users\Chris\Documents\GitHub\Control_System\calibration\system_recalibration_001\readbacks\MS-02\reconnection_swapped\raw\attempt_017.csv,0.10602168349282692,2.0,5000,2026-07-29T23:48:37.963594+00:00
18,18,ACCEPTED,,C:\Users\Chris\Documents\GitHub\Control_System\calibration\system_recalibration_001\readbacks\MS-02\reconnection_swapped\raw\attempt_018.csv,0.10498956780929802,2.0,5000,2026-07-29T23:48:38.170107+00:00
19,19,ACCEPTED,,C:\Users\Chris\Documents\GitHub\Control_System\calibration\system_recalibration_001\readbacks\MS-02\reconnection_swapped\raw\attempt_019.csv,0.09677494952006782,2.0,5000,2026-07-29T23:48:38.352060+00:00
20,20,ACCEPTED,,C:\Users\Chris\Documents\GitHub\Control_System\calibration\system_recalibration_001\readbacks\MS-02\reconnection_swapped\raw\attempt_020.csv,0.08985414782068801,2.0,5000,2026-07-29T23:48:38.545643+00:00
21,21,ACCEPTED,,C:\Users\Chris\Documents\GitHub\Control_System\calibration\system_recalibration_001\readbacks\MS-02\reconnection_swapped\raw\attempt_021.csv,-0.02184220907861345,2.0,5000,2026-07-29T23:48:38.747954+00:00
22,22,ACCEPTED,,C:\Users\Chris\Documents\GitHub\Control_System\calibration\system_recalibration_001\readbacks\MS-02\reconnection_swapped\raw\attempt_022.csv,0.08655017500245776,2.0,5000,2026-07-29T23:48:38.955951+00:00
23,23,ACCEPTED,,C:\Users\Chris\Documents\GitHub\Control_System\calibration\system_recalibration_001\readbacks\MS-02\reconnection_swapped\raw\attempt_023.csv,0.0654838978252883,2.0,5000,2026-07-29T23:48:39.147161+00:00
24,24,ACCEPTED,,C:\Users\Chris\Documents\GitHub\Control_System\calibration\system_recalibration_001\readbacks\MS-02\reconnection_swapped\raw\attempt_024.csv,0.012786595035549908,2.0,5000,2026-07-29T23:48:39.343648+00:00
25,25,ACCEPTED,,C:\Users\Chris\Documents\GitHub\Control_System\calibration\system_recalibration_001\readbacks\MS-02\reconnection_swapped\raw\attempt_025.csv,0.05288397722415539,2.0,5000,2026-07-29T23:48:39.553390+00:00
26,26,ACCEPTED,,C:\Users\Chris\Documents\GitHub\Control_System\calibration\system_recalibration_001\readbacks\MS-02\reconnection_swapped\raw\attempt_026.csv,0.08657628887749524,2.0,5000,2026-07-29T23:48:39.763170+00:00
27,27,ACCEPTED,,C:\Users\Chris\Documents\GitHub\Control_System\calibration\system_recalibration_001\readbacks\MS-02\reconnection_swapped\raw\attempt_027.csv,0.011952983211585888,2.0,5000,2026-07-29T23:48:39.963513+00:00
28,28,ACCEPTED,,C:\Users\Chris\Documents\GitHub\Control_System\calibration\system_recalibration_001\readbacks\MS-02\reconnection_swapped\raw\attempt_028.csv,0.08857978892069696,2.0,5000,2026-07-29T23:48:40.156613+00:00
29,29,ACCEPTED,,C:\Users\Chris\Documents\GitHub\Control_System\calibration\system_recalibration_001\readbacks\MS-02\reconnection_swapped\raw\attempt_029.csv,0.012495332077833154,2.0,5000,2026-07-29T23:48:40.355671+00:00
30,30,ACCEPTED,,C:\Users\Chris\Documents\GitHub\Control_System\calibration\system_recalibration_001\readbacks\MS-02\reconnection_swapped\raw\attempt_030.csv,0.05823729041912884,2.0,5000,2026-07-29T23:48:40.544403+00:00
31,31,ACCEPTED,,C:\Users\Chris\Documents\GitHub\Control_System\calibration\system_recalibration_001\readbacks\MS-02\reconnection_swapped\raw\attempt_031.csv,0.1507131667781323,2.0,5000,2026-07-29T23:48:40.756777+00:00
32,32,ACCEPTED,,C:\Users\Chris\Documents\GitHub\Control_System\calibration\system_recalibration_001\readbacks\MS-02\reconnection_swapped\raw\attempt_032.csv,0.1319796795239654,2.0,5000,2026-07-29T23:48:40.959074+00:00
33,33,ACCEPTED,,C:\Users\Chris\Documents\GitHub\Control_System\calibration\system_recalibration_001\readbacks\MS-02\reconnection_swapped\raw\attempt_033.csv,0.05288397722415539,2.0,5000,2026-07-29T23:48:41.156854+00:00
34,34,ACCEPTED,,C:\Users\Chris\Documents\GitHub\Control_System\calibration\system_recalibration_001\readbacks\MS-02\reconnection_swapped\raw\attempt_034.csv,0.12786396734759364,2.0,5000,2026-07-29T23:48:41.350055+00:00
35,35,ACCEPTED,,C:\Users\Chris\Documents\GitHub\Control_System\calibration\system_recalibration_001\readbacks\MS-02\reconnection_swapped\raw\attempt_035.csv,0.10400407579254534,2.0,5000,2026-07-29T23:48:41.537201+00:00
36,36,ACCEPTED,,C:\Users\Chris\Documents\GitHub\Control_System\calibration\system_recalibration_001\readbacks\MS-02\reconnection_swapped\raw\attempt_036.csv,0.06249518103891205,2.0,5000,2026-07-29T23:48:41.737439+00:00
37,37,ACCEPTED,,C:\Users\Chris\Documents\GitHub\Control_System\calibration\system_recalibration_001\readbacks\MS-02\reconnection_swapped\raw\attempt_037.csv,0.05817687250169001,2.0,5000,2026-07-29T23:48:41.945471+00:00
38,38,ACCEPTED,,C:\Users\Chris\Documents\GitHub\Control_System\calibration\system_recalibration_001\readbacks\MS-02\reconnection_swapped\raw\attempt_038.csv,0.10253416731279685,2.0,5000,2026-07-29T23:48:42.142627+00:00
39,39,ACCEPTED,,C:\Users\Chris\Documents\GitHub\Control_System\calibration\system_recalibration_001\readbacks\MS-02\reconnection_swapped\raw\attempt_039.csv,0.20263880630818676,2.0,5000,2026-07-29T23:48:42.347173+00:00
40,40,ACCEPTED,,C:\Users\Chris\Documents\GitHub\Control_System\calibration\system_recalibration_001\readbacks\MS-02\reconnection_swapped\raw\attempt_040.csv,0.11838935806486006,2.0,5000,2026-07-29T23:48:42.547571+00:00
41,41,ACCEPTED,,C:\Users\Chris\Documents\GitHub\Control_System\calibration\system_recalibration_001\readbacks\MS-02\reconnection_swapped\raw\attempt_041.csv,0.07699287280820499,2.0,5000,2026-07-29T23:48:42.748866+00:00
42,42,ACCEPTED,,C:\Users\Chris\Documents\GitHub\Control_System\calibration\system_recalibration_001\readbacks\MS-02\reconnection_swapped\raw\attempt_042.csv,0.18093504975036012,2.0,5000,2026-07-29T23:48:42.968563+00:00
43,43,ACCEPTED,,C:\Users\Chris\Documents\GitHub\Control_System\calibration\system_recalibration_001\readbacks\MS-02\reconnection_swapped\raw\attempt_043.csv,-0.017477557978281766,2.0,5000,2026-07-29T23:48:43.172716+00:00
44,44,ACCEPTED,,C:\Users\Chris\Documents\GitHub\Control_System\calibration\system_recalibration_001\readbacks\MS-02\reconnection_swapped\raw\attempt_044.csv,0.05790361652543652,2.0,5000,2026-07-29T23:48:43.375564+00:00
45,45,ACCEPTED,,C:\Users\Chris\Documents\GitHub\Control_System\calibration\system_recalibration_001\readbacks\MS-02\reconnection_swapped\raw\attempt_045.csv,0.013002007726072407,2.0,5000,2026-07-29T23:48:43.576317+00:00
46,46,ACCEPTED,,C:\Users\Chris\Documents\GitHub\Control_System\calibration\system_recalibration_001\readbacks\MS-02\reconnection_swapped\raw\attempt_046.csv,0.06249518103891205,2.0,5000,2026-07-29T23:48:43.773711+00:00
47,47,ACCEPTED,,C:\Users\Chris\Documents\GitHub\Control_System\calibration\system_recalibration_001\readbacks\MS-02\reconnection_swapped\raw\attempt_047.csv,0.05558162256056676,2.0,5000,2026-07-29T23:48:43.983900+00:00
48,48,ACCEPTED,,C:\Users\Chris\Documents\GitHub\Control_System\calibration\system_recalibration_001\readbacks\MS-02\reconnection_swapped\raw\attempt_048.csv,0.08655017500245776,2.0,5000,2026-07-29T23:48:44.179073+00:00
49,49,ACCEPTED,,C:\Users\Chris\Documents\GitHub\Control_System\calibration\system_recalibration_001\readbacks\MS-02\reconnection_swapped\raw\attempt_049.csv,0.1449524487970848,2.0,5000,2026-07-29T23:48:44.372093+00:00
50,50,ACCEPTED,,C:\Users\Chris\Documents\GitHub\Control_System\calibration\system_recalibration_001\readbacks\MS-02\reconnection_swapped\raw\attempt_050.csv,-0.022481663436792587,2.0,5000,2026-07-29T23:48:44.560721+00:00
51,51,ACCEPTED,,C:\Users\Chris\Documents\GitHub\Control_System\calibration\system_recalibration_001\readbacks\MS-02\reconnection_swapped\raw\attempt_051.csv,0.08339579873654657,2.0,5000,2026-07-29T23:48:44.762968+00:00
52,52,ACCEPTED,,C:\Users\Chris\Documents\GitHub\Control_System\calibration\system_recalibration_001\readbacks\MS-02\reconnection_swapped\raw\attempt_052.csv,0.05027570734273468,2.0,5000,2026-07-29T23:48:44.969340+00:00
53,53,ACCEPTED,,C:\Users\Chris\Documents\GitHub\Control_System\calibration\system_recalibration_001\readbacks\MS-02\reconnection_swapped\raw\attempt_053.csv,0.04827697183395685,2.0,5000,2026-07-29T23:48:45.164007+00:00
54,54,ACCEPTED,,C:\Users\Chris\Documents\GitHub\Control_System\calibration\system_recalibration_001\readbacks\MS-02\reconnection_swapped\raw\attempt_054.csv,0.11979394047966707,2.0,5000,2026-07-29T23:48:45.382374+00:00
55,55,ACCEPTED,,C:\Users\Chris\Documents\GitHub\Control_System\calibration\system_recalibration_001\readbacks\MS-02\reconnection_swapped\raw\attempt_055.csv,0.04570896152813475,2.0,5000,2026-07-29T23:48:45.574540+00:00
56,56,ACCEPTED,,C:\Users\Chris\Documents\GitHub\Control_System\calibration\system_recalibration_001\readbacks\MS-02\reconnection_swapped\raw\attempt_056.csv,0.05166896309742697,2.0,5000,2026-07-29T23:48:45.770877+00:00
57,57,ACCEPTED,,C:\Users\Chris\Documents\GitHub\Control_System\calibration\system_recalibration_001\readbacks\MS-02\reconnection_swapped\raw\attempt_057.csv,0.10999775212189888,2.0,5000,2026-07-29T23:48:45.981537+00:00
58,58,ACCEPTED,,C:\Users\Chris\Documents\GitHub\Control_System\calibration\system_recalibration_001\readbacks\MS-02\reconnection_swapped\raw\attempt_058.csv,0.11838935806486006,2.0,5000,2026-07-29T23:48:46.179188+00:00
59,59,ACCEPTED,,C:\Users\Chris\Documents\GitHub\Control_System\calibration\system_recalibration_001\readbacks\MS-02\reconnection_swapped\raw\attempt_059.csv,0.040815135075945363,2.0,5000,2026-07-29T23:48:46.371653+00:00
60,60,ACCEPTED,,C:\Users\Chris\Documents\GitHub\Control_System\calibration\system_recalibration_001\readbacks\MS-02\reconnection_swapped\raw\attempt_060.csv,0.08349226984387315,2.0,5000,2026-07-29T23:48:46.577248+00:00
61,61,ACCEPTED,,C:\Users\Chris\Documents\GitHub\Control_System\calibration\system_recalibration_001\readbacks\MS-02\reconnection_swapped\raw\attempt_061.csv,0.20263880630818676,2.0,5000,2026-07-29T23:48:46.782407+00:00
62,62,ACCEPTED,,C:\Users\Chris\Documents\GitHub\Control_System\calibration\system_recalibration_001\readbacks\MS-02\reconnection_swapped\raw\attempt_062.csv,0.11953581103193756,2.0,5000,2026-07-29T23:48:46.982086+00:00
63,63,ACCEPTED,,C:\Users\Chris\Documents\GitHub\Control_System\calibration\system_recalibration_001\readbacks\MS-02\reconnection_swapped\raw\attempt_063.csv,0.05288397722415539,2.0,5000,2026-07-29T23:48:47.178830+00:00
64,64,ACCEPTED,,C:\Users\Chris\Documents\GitHub\Control_System\calibration\system_recalibration_001\readbacks\MS-02\reconnection_swapped\raw\attempt_064.csv,0.06822900217844108,2.0,5000,2026-07-29T23:48:47.378537+00:00
65,65,ACCEPTED,,C:\Users\Chris\Documents\GitHub\Control_System\calibration\system_recalibration_001\readbacks\MS-02\reconnection_swapped\raw\attempt_065.csv,0.0866093271868067,2.0,5000,2026-07-29T23:48:47.587156+00:00
66,66,ACCEPTED,,C:\Users\Chris\Documents\GitHub\Control_System\calibration\system_recalibration_001\readbacks\MS-02\reconnection_swapped\raw\attempt_066.csv,0.04978839177579175,2.0,5000,2026-07-29T23:48:47.787151+00:00
67,67,ACCEPTED,,C:\Users\Chris\Documents\GitHub\Control_System\calibration\system_recalibration_001\readbacks\MS-02\reconnection_swapped\raw\attempt_067.csv,0.2294266504791267,2.0,5000,2026-07-29T23:48:47.999047+00:00
68,68,ACCEPTED,,C:\Users\Chris\Documents\GitHub\Control_System\calibration\system_recalibration_001\readbacks\MS-02\reconnection_swapped\raw\attempt_068.csv,0.08353554840232391,2.0,5000,2026-07-29T23:48:48.198208+00:00
69,69,ACCEPTED,,C:\Users\Chris\Documents\GitHub\Control_System\calibration\system_recalibration_001\readbacks\MS-02\reconnection_swapped\raw\attempt_069.csv,0.12624725307637163,2.0,5000,2026-07-29T23:48:48.415869+00:00
70,70,ACCEPTED,,C:\Users\Chris\Documents\GitHub\Control_System\calibration\system_recalibration_001\readbacks\MS-02\reconnection_swapped\raw\attempt_070.csv,0.012495332077833154,2.0,5000,2026-07-29T23:48:48.624542+00:00
71,71,ACCEPTED,,C:\Users\Chris\Documents\GitHub\Control_System\calibration\system_recalibration_001\readbacks\MS-02\reconnection_swapped\raw\attempt_071.csv,0.011983611565483443,2.0,5000,2026-07-29T23:48:48.823360+00:00
72,72,ACCEPTED,,C:\Users\Chris\Documents\GitHub\Control_System\calibration\system_recalibration_001\readbacks\MS-02\reconnection_swapped\raw\attempt_072.csv,0.049668540661741645,2.0,5000,2026-07-29T23:48:49.030180+00:00
73,73,ACCEPTED,,C:\Users\Chris\Documents\GitHub\Control_System\calibration\system_recalibration_001\readbacks\MS-02\reconnection_swapped\raw\attempt_073.csv,0.1298862424298477,2.0,5000,2026-07-29T23:48:49.227921+00:00
74,74,ACCEPTED,,C:\Users\Chris\Documents\GitHub\Control_System\calibration\system_recalibration_001\readbacks\MS-02\reconnection_swapped\raw\attempt_074.csv,0.11368684715785093,2.0,5000,2026-07-29T23:48:49.428696+00:00
75,75,ACCEPTED,,C:\Users\Chris\Documents\GitHub\Control_System\calibration\system_recalibration_001\readbacks\MS-02\reconnection_swapped\raw\attempt_075.csv,0.08353554840232391,2.0,5000,2026-07-29T23:48:49.635284+00:00
76,76,ACCEPTED,,C:\Users\Chris\Documents\GitHub\Control_System\calibration\system_recalibration_001\readbacks\MS-02\reconnection_swapped\raw\attempt_076.csv,0.1387733051315081,2.0,5000,2026-07-29T23:48:49.832355+00:00
77,77,ACCEPTED,,C:\Users\Chris\Documents\GitHub\Control_System\calibration\system_recalibration_001\readbacks\MS-02\reconnection_swapped\raw\attempt_077.csv,0.05288397722415539,2.0,5000,2026-07-29T23:48:50.036068+00:00
78,78,ACCEPTED,,C:\Users\Chris\Documents\GitHub\Control_System\calibration\system_recalibration_001\readbacks\MS-02\reconnection_swapped\raw\attempt_078.csv,0.05288397722415539,2.0,5000,2026-07-29T23:48:50.248766+00:00
79,79,ACCEPTED,,C:\Users\Chris\Documents\GitHub\Control_System\calibration\system_recalibration_001\readbacks\MS-02\reconnection_swapped\raw\attempt_079.csv,0.012026890124161582,2.0,5000,2026-07-29T23:48:50.447938+00:00
80,80,ACCEPTED,,C:\Users\Chris\Documents\GitHub\Control_System\calibration\system_recalibration_001\readbacks\MS-02\reconnection_swapped\raw\attempt_080.csv,-0.02184220907861345,2.0,5000,2026-07-29T23:48:50.655620+00:00
81,81,ACCEPTED,,C:\Users\Chris\Documents\GitHub\Control_System\calibration\system_recalibration_001\readbacks\MS-02\reconnection_swapped\raw\attempt_081.csv,0.049668540661741645,2.0,5000,2026-07-29T23:48:50.843358+00:00
82,82,ACCEPTED,,C:\Users\Chris\Documents\GitHub\Control_System\calibration\system_recalibration_001\readbacks\MS-02\reconnection_swapped\raw\attempt_082.csv,0.012026890124161582,2.0,5000,2026-07-29T23:48:51.037416+00:00
83,83,ACCEPTED,,C:\Users\Chris\Documents\GitHub\Control_System\calibration\system_recalibration_001\readbacks\MS-02\reconnection_swapped\raw\attempt_083.csv,0.05817687250169001,2.0,5000,2026-07-29T23:48:51.256581+00:00
84,84,ACCEPTED,,C:\Users\Chris\Documents\GitHub\Control_System\calibration\system_recalibration_001\readbacks\MS-02\reconnection_swapped\raw\attempt_084.csv,0.14050359128509626,2.0,5000,2026-07-29T23:48:51.489591+00:00
85,85,ACCEPTED,,C:\Users\Chris\Documents\GitHub\Control_System\calibration\system_recalibration_001\readbacks\MS-02\reconnection_swapped\raw\attempt_085.csv,0.011983611565483443,2.0,5000,2026-07-29T23:48:51.688358+00:00
86,86,ACCEPTED,,C:\Users\Chris\Documents\GitHub\Control_System\calibration\system_recalibration_001\readbacks\MS-02\reconnection_swapped\raw\attempt_086.csv,0.21205036082142215,2.0,5000,2026-07-29T23:48:51.888196+00:00
87,87,ACCEPTED,,C:\Users\Chris\Documents\GitHub\Control_System\calibration\system_recalibration_001\readbacks\MS-02\reconnection_swapped\raw\attempt_087.csv,0.11795605175188939,2.0,5000,2026-07-29T23:48:52.097866+00:00
88,88,ACCEPTED,,C:\Users\Chris\Documents\GitHub\Control_System\calibration\system_recalibration_001\readbacks\MS-02\reconnection_swapped\raw\attempt_088.csv,0.1648742987579226,2.0,5000,2026-07-29T23:48:52.314095+00:00
89,89,ACCEPTED,,C:\Users\Chris\Documents\GitHub\Control_System\calibration\system_recalibration_001\readbacks\MS-02\reconnection_swapped\raw\attempt_089.csv,0.012026890124161582,2.0,5000,2026-07-29T23:48:52.512982+00:00
90,90,ACCEPTED,,C:\Users\Chris\Documents\GitHub\Control_System\calibration\system_recalibration_001\readbacks\MS-02\reconnection_swapped\raw\attempt_090.csv,0.1387733051315081,2.0,5000,2026-07-29T23:48:52.708803+00:00
91,91,ACCEPTED,,C:\Users\Chris\Documents\GitHub\Control_System\calibration\system_recalibration_001\readbacks\MS-02\reconnection_swapped\raw\attempt_091.csv,0.04827697183395685,2.0,5000,2026-07-29T23:48:52.905434+00:00
92,92,ACCEPTED,,C:\Users\Chris\Documents\GitHub\Control_System\calibration\system_recalibration_001\readbacks\MS-02\reconnection_swapped\raw\attempt_092.csv,0.049668540661741645,2.0,5000,2026-07-29T23:48:53.110604+00:00
93,93,ACCEPTED,,C:\Users\Chris\Documents\GitHub\Control_System\calibration\system_recalibration_001\readbacks\MS-02\reconnection_swapped\raw\attempt_093.csv,0.11838935806486006,2.0,5000,2026-07-29T23:48:53.307318+00:00
94,94,ACCEPTED,,C:\Users\Chris\Documents\GitHub\Control_System\calibration\system_recalibration_001\readbacks\MS-02\reconnection_swapped\raw\attempt_094.csv,0.06249518103891205,2.0,5000,2026-07-29T23:48:53.523635+00:00
95,95,ACCEPTED,,C:\Users\Chris\Documents\GitHub\Control_System\calibration\system_recalibration_001\readbacks\MS-02\reconnection_swapped\raw\attempt_095.csv,0.043155616265494245,2.0,5000,2026-07-29T23:48:53.719329+00:00
96,96,ACCEPTED,,C:\Users\Chris\Documents\GitHub\Control_System\calibration\system_recalibration_001\readbacks\MS-02\reconnection_swapped\raw\attempt_096.csv,0.04570896152813475,2.0,5000,2026-07-29T23:48:53.912602+00:00
97,97,ACCEPTED,,C:\Users\Chris\Documents\GitHub\Control_System\calibration\system_recalibration_001\readbacks\MS-02\reconnection_swapped\raw\attempt_097.csv,0.10253416731279685,2.0,5000,2026-07-29T23:48:54.127763+00:00
98,98,ACCEPTED,,C:\Users\Chris\Documents\GitHub\Control_System\calibration\system_recalibration_001\readbacks\MS-02\reconnection_swapped\raw\attempt_098.csv,0.10999775212189888,2.0,5000,2026-07-29T23:48:54.336366+00:00
99,99,ACCEPTED,,C:\Users\Chris\Documents\GitHub\Control_System\calibration\system_recalibration_001\readbacks\MS-02\reconnection_swapped\raw\attempt_099.csv,0.06249518103891205,2.0,5000,2026-07-29T23:48:54.537431+00:00
100,100,ACCEPTED,,C:\Users\Chris\Documents\GitHub\Control_System\calibration\system_recalibration_001\readbacks\MS-02\reconnection_swapped\raw\attempt_100.csv,0.08353554840232391,2.0,5000,2026-07-29T23:48:54.746345+00:00
